DATAFLOW,FREQ,REF_AREA,DATA_TYPE,CHANGE_OF_RESIDENCE,CITIZENSHIP,SEX,AGE,TERRITORY_NEXT_RESID,COUNTRY_PREV_RESID,COUNTRY_NEXT_RESID,TIME_PERIOD,OBS_VALUE,OBS_STATUS,NOTE_DS,NOTE_REF_AREA,NOTE_DATA_TYPE,NOTE_CHANGE_OF_RESIDENCE,NOTE_CITIZENSHIP,NOTE_SEX,NOTE_AGE,NOTE_TERRITORY_NEXT_RESID,NOTE_COUNTRY_PREV_RESID,NOTE_COUNTRY_NEXT_RESID,BASE_PER,UNIT_MEAS,UNIT_MULT
IT1:28_185_DF_DCIS_MIGRAZIONI_2(1.0),A,ITTOT,TREG,FREIGN,TR,1,TOTAL,ITTOT,X1033,X1033,2002,538,,,,,,,,,,,,,,
IT1:28_185_DF_DCIS_MIGRAZIONI_2(1.0),A,ITTOT,TREG,FREIGN,TR,1,TOTAL,ITTOT,X1033,X1033,2003,941,,,,,,,,,,,,,,
IT1:28_185_DF_DCIS_MIGRAZIONI_2(1.0),A,ITTOT,TREG,FREIGN,TR,1,TOTAL,ITTOT,X1033,X1033,2004,1175,,,,,,,,,,,,,,
IT1:28_185_DF_DCIS_MIGRAZIONI_2(1.0),A,ITTOT,TREG,FREIGN,TR,1,TOTAL,ITTOT,X1033,X1033,2005,673,,,,,,,,,,,,,,
IT1:28_185_DF_DCIS_MIGRAZIONI_2(1.0),A,ITTOT,TREG,FREIGN,TR,1,TOTAL,ITTOT,X1033,X1033,2006,573,,,,,,,,,,,,,,
IT1:28_185_DF_DCIS_MIGRAZIONI_2(1.0),A,ITTOT,TREG,FREIGN,TR,1,TOTAL,ITTOT,X1033,X1033,2007,645,,,,,,,,,,,,,,
IT1:28_185_DF_DCIS_MIGRAZIONI_2(1.0),A,ITTOT,TREG,FREIGN,TR,1,TOTAL,ITTOT,X1033,X1033,2008,783,,,,,,,,,,,,,,
IT1:28_185_DF_DCIS_MIGRAZIONI_2(1.0),A,ITTOT,TREG,FREIGN,TR,1,TOTAL,ITTOT,X1033,X1033,2009,839,,,,,,,,,,,,,,
IT1:28_185_DF_DCIS_MIGRAZIONI_2(1.0),A,ITTOT,TREG,FREIGN,TR,1,TOTAL,ITTOT,X1033,X1033,2010,991,,,,,,,,,,,,,,
IT1:28_185_DF_DCIS_MIGRAZIONI_2(1.0),A,ITTOT,TREG,FREIGN,TR,1,TOTAL,ITTOT,X1033,X1033,2011,867,,,,,,,,,,,,,,
IT1:28_185_DF_DCIS_MIGRAZIONI_2(1.0),A,ITTOT,TREG,FREIGN,TR,1,TOTAL,ITTOT,X1033,X1033,2012,747,,,,,,,,,,,,,,
IT1:28_185_DF_DCIS_MIGRAZIONI_2(1.0),A,ITTOT,TREG,FREIGN,TR,1,TOTAL,ITTOT,X1033,X1033,2013,717,,,,,,,,,,,,,,
IT1:28_185_DF_DCIS_MIGRAZIONI_2(1.0),A,ITTOT,TREG,FREIGN,TR,1,TOTAL,ITTOT,X1033,X1033,2014,535,,,,,,,,,,,,,,
IT1:28_185_DF_DCIS_MIGRAZIONI_2(1.0),A,ITTOT,TREG,FREIGN,TR,1,TOTAL,ITTOT,X1033,X1033,2015,519,,,,,,,,,,,,,,
IT1:28_185_DF_DCIS_MIGRAZIONI_2(1.0),A,ITTOT,TREG,FREIGN,TR,1,TOTAL,ITTOT,X1033,X1033,2016,462,,,,,,,,,,,,,,
IT1:28_185_DF_DCIS_MIGRAZIONI_2(1.0),A,ITTOT,TREG,FREIGN,TR,1,TOTAL,ITTOT,X1033,X1033,2017,554,,,,,,,,,,,,,,
IT1:28_185_DF_DCIS_MIGRAZIONI_2(1.0),A,ITTOT,TREG,FREIGN,TR,1,TOTAL,ITTOT,X1033,X1033,2018,575,,,,,,,,,,,,,,
IT1:28_185_DF_DCIS_MIGRAZIONI_2(1.0),A,ITTOT,TREG,FREIGN,TR,1,TOTAL,ITTOT,X1033,X1033,2019,590,,,,,,,,,,,,,,
IT1:28_185_DF_DCIS_MIGRAZIONI_2(1.0),A,ITTOT,TREG,FREIGN,TR,1,TOTAL,ITTOT,X1033,X1033,2020,551,,,,,,,,,,,,,,
IT1:28_185_DF_DCIS_MIGRAZIONI_2(1.0),A,ITTOT,TREG,FREIGN,TR,1,TOTAL,ITTOT,X1033,X1033,2021,673,,,,,,,,,,,,,,
IT1:28_185_DF_DCIS_MIGRAZIONI_2(1.0),A,ITTOT,TREG,FREIGN,TR,1,TOTAL,ITTOT,X1033,X1033,2022,1016,,,,,,,,,,,,,,
IT1:28_185_DF_DCIS_MIGRAZIONI_2(1.0),A,ITTOT,TREG,FREIGN,TR,1,TOTAL,ITTOT,X1033,X1033,2023,1385,p,,,,,,,,,,,,,
IT1:28_185_DF_DCIS_MIGRAZIONI_2(1.0),A,ITTOT,TREG,FREIGN,TR,1,Y_GE65,ITTOT,X1033,X1033,2002,2,,,,,,,,,,,,,,
IT1:28_185_DF_DCIS_MIGRAZIONI_2(1.0),A,ITTOT,TREG,FREIGN,TR,1,Y_GE65,ITTOT,X1033,X1033,2003,2,,,,,,,,,,,,,,
IT1:28_185_DF_DCIS_MIGRAZIONI_2(1.0),A,ITTOT,TREG,FREIGN,TR,1,Y_GE65,ITTOT,X1033,X1033,2004,15,,,,,,,,,,,,,,
IT1:28_185_DF_DCIS_MIGRAZIONI_2(1.0),A,ITTOT,TREG,FREIGN,TR,1,Y_GE65,ITTOT,X1033,X1033,2005,4,,,,,,,,,,,,,,
IT1:28_185_DF_DCIS_MIGRAZIONI_2(1.0),A,ITTOT,TREG,FREIGN,TR,1,Y_GE65,ITTOT,X1033,X1033,2006,2,,,,,,,,,,,,,,
IT1:28_185_DF_DCIS_MIGRAZIONI_2(1.0),A,ITTOT,TREG,FREIGN,TR,1,Y_GE65,ITTOT,X1033,X1033,2008,6,,,,,,,,,,,,,,
IT1:28_185_DF_DCIS_MIGRAZIONI_2(1.0),A,ITTOT,TREG,FREIGN,TR,1,Y_GE65,ITTOT,X1033,X1033,2009,6,,,,,,,,,,,,,,
IT1:28_185_DF_DCIS_MIGRAZIONI_2(1.0),A,ITTOT,TREG,FREIGN,TR,1,Y_GE65,ITTOT,X1033,X1033,2010,1,,,,,,,,,,,,,,
IT1:28_185_DF_DCIS_MIGRAZIONI_2(1.0),A,ITTOT,TREG,FREIGN,TR,1,Y_GE65,ITTOT,X1033,X1033,2011,4,,,,,,,,,,,,,,
IT1:28_185_DF_DCIS_MIGRAZIONI_2(1.0),A,ITTOT,TREG,FREIGN,TR,1,Y_GE65,ITTOT,X1033,X1033,2012,4,,,,,,,,,,,,,,
IT1:28_185_DF_DCIS_MIGRAZIONI_2(1.0),A,ITTOT,TREG,FREIGN,TR,1,Y_GE65,ITTOT,X1033,X1033,2013,13,,,,,,,,,,,,,,
IT1:28_185_DF_DCIS_MIGRAZIONI_2(1.0),A,ITTOT,TREG,FREIGN,TR,1,Y_GE65,ITTOT,X1033,X1033,2014,3,,,,,,,,,,,,,,
IT1:28_185_DF_DCIS_MIGRAZIONI_2(1.0),A,ITTOT,TREG,FREIGN,TR,1,Y_GE65,ITTOT,X1033,X1033,2016,2,,,,,,,,,,,,,,
IT1:28_185_DF_DCIS_MIGRAZIONI_2(1.0),A,ITTOT,TREG,FREIGN,TR,1,Y_GE65,ITTOT,X1033,X1033,2017,2,,,,,,,,,,,,,,
IT1:28_185_DF_DCIS_MIGRAZIONI_2(1.0),A,ITTOT,TREG,FREIGN,TR,1,Y_GE65,ITTOT,X1033,X1033,2018,6,,,,,,,,,,,,,,
IT1:28_185_DF_DCIS_MIGRAZIONI_2(1.0),A,ITTOT,TREG,FREIGN,TR,1,Y_GE65,ITTOT,X1033,X1033,2019,6,,,,,,,,,,,,,,
IT1:28_185_DF_DCIS_MIGRAZIONI_2(1.0),A,ITTOT,TREG,FREIGN,TR,1,Y_GE65,ITTOT,X1033,X1033,2020,3,,,,,,,,,,,,,,
IT1:28_185_DF_DCIS_MIGRAZIONI_2(1.0),A,ITTOT,TREG,FREIGN,TR,1,Y_GE65,ITTOT,X1033,X1033,2021,3,,,,,,,,,,,,,,
IT1:28_185_DF_DCIS_MIGRAZIONI_2(1.0),A,ITTOT,TREG,FREIGN,TR,1,Y_GE65,ITTOT,X1033,X1033,2022,8,,,,,,,,,,,,,,
IT1:28_185_DF_DCIS_MIGRAZIONI_2(1.0),A,ITTOT,TREG,FREIGN,TR,1,Y_GE65,ITTOT,X1033,X1033,2023,9,p,,,,,,,,,,,,,
IT1:28_185_DF_DCIS_MIGRAZIONI_2(1.0),A,ITTOT,TREG,FREIGN,TR,1,Y_UN17,ITTOT,X1033,X1033,2002,128,,,,,,,,,,,,,,
IT1:28_185_DF_DCIS_MIGRAZIONI_2(1.0),A,ITTOT,TREG,FREIGN,TR,1,Y_UN17,ITTOT,X1033,X1033,2003,131,,,,,,,,,,,,,,
IT1:28_185_DF_DCIS_MIGRAZIONI_2(1.0),A,ITTOT,TREG,FREIGN,TR,1,Y_UN17,ITTOT,X1033,X1033,2004,159,,,,,,,,,,,,,,
IT1:28_185_DF_DCIS_MIGRAZIONI_2(1.0),A,ITTOT,TREG,FREIGN,TR,1,Y_UN17,ITTOT,X1033,X1033,2005,205,,,,,,,,,,,,,,
IT1:28_185_DF_DCIS_MIGRAZIONI_2(1.0),A,ITTOT,TREG,FREIGN,TR,1,Y_UN17,ITTOT,X1033,X1033,2006,155,,,,,,,,,,,,,,
IT1:28_185_DF_DCIS_MIGRAZIONI_2(1.0),A,ITTOT,TREG,FREIGN,TR,1,Y_UN17,ITTOT,X1033,X1033,2007,186,,,,,,,,,,,,,,
IT1:28_185_DF_DCIS_MIGRAZIONI_2(1.0),A,ITTOT,TREG,FREIGN,TR,1,Y_UN17,ITTOT,X1033,X1033,2008,187,,,,,,,,,,,,,,
IT1:28_185_DF_DCIS_MIGRAZIONI_2(1.0),A,ITTOT,TREG,FREIGN,TR,1,Y_UN17,ITTOT,X1033,X1033,2009,159,,,,,,,,,,,,,,
IT1:28_185_DF_DCIS_MIGRAZIONI_2(1.0),A,ITTOT,TREG,FREIGN,TR,1,Y_UN17,ITTOT,X1033,X1033,2010,138,,,,,,,,,,,,,,
IT1:28_185_DF_DCIS_MIGRAZIONI_2(1.0),A,ITTOT,TREG,FREIGN,TR,1,Y_UN17,ITTOT,X1033,X1033,2011,139,,,,,,,,,,,,,,
IT1:28_185_DF_DCIS_MIGRAZIONI_2(1.0),A,ITTOT,TREG,FREIGN,TR,1,Y_UN17,ITTOT,X1033,X1033,2012,91,,,,,,,,,,,,,,
IT1:28_185_DF_DCIS_MIGRAZIONI_2(1.0),A,ITTOT,TREG,FREIGN,TR,1,Y_UN17,ITTOT,X1033,X1033,2013,86,,,,,,,,,,,,,,
IT1:28_185_DF_DCIS_MIGRAZIONI_2(1.0),A,ITTOT,TREG,FREIGN,TR,1,Y_UN17,ITTOT,X1033,X1033,2014,71,,,,,,,,,,,,,,
IT1:28_185_DF_DCIS_MIGRAZIONI_2(1.0),A,ITTOT,TREG,FREIGN,TR,1,Y_UN17,ITTOT,X1033,X1033,2015,71,,,,,,,,,,,,,,
IT1:28_185_DF_DCIS_MIGRAZIONI_2(1.0),A,ITTOT,TREG,FREIGN,TR,1,Y_UN17,ITTOT,X1033,X1033,2016,55,,,,,,,,,,,,,,
IT1:28_185_DF_DCIS_MIGRAZIONI_2(1.0),A,ITTOT,TREG,FREIGN,TR,1,Y_UN17,ITTOT,X1033,X1033,2017,86,,,,,,,,,,,,,,
IT1:28_185_DF_DCIS_MIGRAZIONI_2(1.0),A,ITTOT,TREG,FREIGN,TR,1,Y_UN17,ITTOT,X1033,X1033,2018,83,,,,,,,,,,,,,,
IT1:28_185_DF_DCIS_MIGRAZIONI_2(1.0),A,ITTOT,TREG,FREIGN,TR,1,Y_UN17,ITTOT,X1033,X1033,2019,76,,,,,,,,,,,,,,
IT1:28_185_DF_DCIS_MIGRAZIONI_2(1.0),A,ITTOT,TREG,FREIGN,TR,1,Y_UN17,ITTOT,X1033,X1033,2020,54,,,,,,,,,,,,,,
IT1:28_185_DF_DCIS_MIGRAZIONI_2(1.0),A,ITTOT,TREG,FREIGN,TR,1,Y_UN17,ITTOT,X1033,X1033,2021,83,,,,,,,,,,,,,,
IT1:28_185_DF_DCIS_MIGRAZIONI_2(1.0),A,ITTOT,TREG,FREIGN,TR,1,Y_UN17,ITTOT,X1033,X1033,2022,121,,,,,,,,,,,,,,
IT1:28_185_DF_DCIS_MIGRAZIONI_2(1.0),A,ITTOT,TREG,FREIGN,TR,1,Y_UN17,ITTOT,X1033,X1033,2023,200,p,,,,,,,,,,,,,
IT1:28_185_DF_DCIS_MIGRAZIONI_2(1.0),A,ITTOT,TREG,FREIGN,TR,1,Y18-39,ITTOT,X1033,X1033,2002,362,,,,,,,,,,,,,,
IT1:28_185_DF_DCIS_MIGRAZIONI_2(1.0),A,ITTOT,TREG,FREIGN,TR,1,Y18-39,ITTOT,X1033,X1033,2003,718,,,,,,,,,,,,,,
IT1:28_185_DF_DCIS_MIGRAZIONI_2(1.0),A,ITTOT,TREG,FREIGN,TR,1,Y18-39,ITTOT,X1033,X1033,2004,856,,,,,,,,,,,,,,
IT1:28_185_DF_DCIS_MIGRAZIONI_2(1.0),A,ITTOT,TREG,FREIGN,TR,1,Y18-39,ITTOT,X1033,X1033,2005,391,,,,,,,,,,,,,,
IT1:28_185_DF_DCIS_MIGRAZIONI_2(1.0),A,ITTOT,TREG,FREIGN,TR,1,Y18-39,ITTOT,X1033,X1033,2006,360,,,,,,,,,,,,,,
IT1:28_185_DF_DCIS_MIGRAZIONI_2(1.0),A,ITTOT,TREG,FREIGN,TR,1,Y18-39,ITTOT,X1033,X1033,2007,415,,,,,,,,,,,,,,
IT1:28_185_DF_DCIS_MIGRAZIONI_2(1.0),A,ITTOT,TREG,FREIGN,TR,1,Y18-39,ITTOT,X1033,X1033,2008,518,,,,,,,,,,,,,,
IT1:28_185_DF_DCIS_MIGRAZIONI_2(1.0),A,ITTOT,TREG,FREIGN,TR,1,Y18-39,ITTOT,X1033,X1033,2009,607,,,,,,,,,,,,,,
IT1:28_185_DF_DCIS_MIGRAZIONI_2(1.0),A,ITTOT,TREG,FREIGN,TR,1,Y18-39,ITTOT,X1033,X1033,2010,750,,,,,,,,,,,,,,
IT1:28_185_DF_DCIS_MIGRAZIONI_2(1.0),A,ITTOT,TREG,FREIGN,TR,1,Y18-39,ITTOT,X1033,X1033,2011,665,,,,,,,,,,,,,,
IT1:28_185_DF_DCIS_MIGRAZIONI_2(1.0),A,ITTOT,TREG,FREIGN,TR,1,Y18-39,ITTOT,X1033,X1033,2012,594,,,,,,,,,,,,,,
IT1:28_185_DF_DCIS_MIGRAZIONI_2(1.0),A,ITTOT,TREG,FREIGN,TR,1,Y18-39,ITTOT,X1033,X1033,2013,541,,,,,,,,,,,,,,
IT1:28_185_DF_DCIS_MIGRAZIONI_2(1.0),A,ITTOT,TREG,FREIGN,TR,1,Y18-39,ITTOT,X1033,X1033,2014,412,,,,,,,,,,,,,,
IT1:28_185_DF_DCIS_MIGRAZIONI_2(1.0),A,ITTOT,TREG,FREIGN,TR,1,Y18-39,ITTOT,X1033,X1033,2015,394,,,,,,,,,,,,,,
IT1:28_185_DF_DCIS_MIGRAZIONI_2(1.0),A,ITTOT,TREG,FREIGN,TR,1,Y18-39,ITTOT,X1033,X1033,2016,365,,,,,,,,,,,,,,
IT1:28_185_DF_DCIS_MIGRAZIONI_2(1.0),A,ITTOT,TREG,FREIGN,TR,1,Y18-39,ITTOT,X1033,X1033,2017,388,,,,,,,,,,,,,,
IT1:28_185_DF_DCIS_MIGRAZIONI_2(1.0),A,ITTOT,TREG,FREIGN,TR,1,Y18-39,ITTOT,X1033,X1033,2018,412,,,,,,,,,,,,,,
IT1:28_185_DF_DCIS_MIGRAZIONI_2(1.0),A,ITTOT,TREG,FREIGN,TR,1,Y18-39,ITTOT,X1033,X1033,2019,407,,,,,,,,,,,,,,
IT1:28_185_DF_DCIS_MIGRAZIONI_2(1.0),A,ITTOT,TREG,FREIGN,TR,1,Y18-39,ITTOT,X1033,X1033,2020,414,,,,,,,,,,,,,,
IT1:28_185_DF_DCIS_MIGRAZIONI_2(1.0),A,ITTOT,TREG,FREIGN,TR,1,Y18-39,ITTOT,X1033,X1033,2021,499,,,,,,,,,,,,,,
IT1:28_185_DF_DCIS_MIGRAZIONI_2(1.0),A,ITTOT,TREG,FREIGN,TR,1,Y18-39,ITTOT,X1033,X1033,2022,734,,,,,,,,,,,,,,
IT1:28_185_DF_DCIS_MIGRAZIONI_2(1.0),A,ITTOT,TREG,FREIGN,TR,1,Y18-39,ITTOT,X1033,X1033,2023,1002,p,,,,,,,,,,,,,
IT1:28_185_DF_DCIS_MIGRAZIONI_2(1.0),A,ITTOT,TREG,FREIGN,TR,1,Y40-64,ITTOT,X1033,X1033,2002,46,,,,,,,,,,,,,,
IT1:28_185_DF_DCIS_MIGRAZIONI_2(1.0),A,ITTOT,TREG,FREIGN,TR,1,Y40-64,ITTOT,X1033,X1033,2003,90,,,,,,,,,,,,,,
IT1:28_185_DF_DCIS_MIGRAZIONI_2(1.0),A,ITTOT,TREG,FREIGN,TR,1,Y40-64,ITTOT,X1033,X1033,2004,145,,,,,,,,,,,,,,
IT1:28_185_DF_DCIS_MIGRAZIONI_2(1.0),A,ITTOT,TREG,FREIGN,TR,1,Y40-64,ITTOT,X1033,X1033,2005,73,,,,,,,,,,,,,,
IT1:28_185_DF_DCIS_MIGRAZIONI_2(1.0),A,ITTOT,TREG,FREIGN,TR,1,Y40-64,ITTOT,X1033,X1033,2006,56,,,,,,,,,,,,,,
IT1:28_185_DF_DCIS_MIGRAZIONI_2(1.0),A,ITTOT,TREG,FREIGN,TR,1,Y40-64,ITTOT,X1033,X1033,2007,44,,,,,,,,,,,,,,
IT1:28_185_DF_DCIS_MIGRAZIONI_2(1.0),A,ITTOT,TREG,FREIGN,TR,1,Y40-64,ITTOT,X1033,X1033,2008,72,,,,,,,,,,,,,,
IT1:28_185_DF_DCIS_MIGRAZIONI_2(1.0),A,ITTOT,TREG,FREIGN,TR,1,Y40-64,ITTOT,X1033,X1033,2009,67,,,,,,,,,,,,,,
IT1:28_185_DF_DCIS_MIGRAZIONI_2(1.0),A,ITTOT,TREG,FREIGN,TR,1,Y40-64,ITTOT,X1033,X1033,2010,102,,,,,,,,,,,,,,
IT1:28_185_DF_DCIS_MIGRAZIONI_2(1.0),A,ITTOT,TREG,FREIGN,TR,1,Y40-64,ITTOT,X1033,X1033,2011,59,,,,,,,,,,,,,,
IT1:28_185_DF_DCIS_MIGRAZIONI_2(1.0),A,ITTOT,TREG,FREIGN,TR,1,Y40-64,ITTOT,X1033,X1033,2012,58,,,,,,,,,,,,,,
IT1:28_185_DF_DCIS_MIGRAZIONI_2(1.0),A,ITTOT,TREG,FREIGN,TR,1,Y40-64,ITTOT,X1033,X1033,2013,77,,,,,,,,,,,,,,
IT1:28_185_DF_DCIS_MIGRAZIONI_2(1.0),A,ITTOT,TREG,FREIGN,TR,1,Y40-64,ITTOT,X1033,X1033,2014,49,,,,,,,,,,,,,,
IT1:28_185_DF_DCIS_MIGRAZIONI_2(1.0),A,ITTOT,TREG,FREIGN,TR,1,Y40-64,ITTOT,X1033,X1033,2015,54,,,,,,,,,,,,,,
IT1:28_185_DF_DCIS_MIGRAZIONI_2(1.0),A,ITTOT,TREG,FREIGN,TR,1,Y40-64,ITTOT,X1033,X1033,2016,40,,,,,,,,,,,,,,
IT1:28_185_DF_DCIS_MIGRAZIONI_2(1.0),A,ITTOT,TREG,FREIGN,TR,1,Y40-64,ITTOT,X1033,X1033,2017,78,,,,,,,,,,,,,,
IT1:28_185_DF_DCIS_MIGRAZIONI_2(1.0),A,ITTOT,TREG,FREIGN,TR,1,Y40-64,ITTOT,X1033,X1033,2018,74,,,,,,,,,,,,,,
IT1:28_185_DF_DCIS_MIGRAZIONI_2(1.0),A,ITTOT,TREG,FREIGN,TR,1,Y40-64,ITTOT,X1033,X1033,2019,101,,,,,,,,,,,,,,
IT1:28_185_DF_DCIS_MIGRAZIONI_2(1.0),A,ITTOT,TREG,FREIGN,TR,1,Y40-64,ITTOT,X1033,X1033,2020,80,,,,,,,,,,,,,,
IT1:28_185_DF_DCIS_MIGRAZIONI_2(1.0),A,ITTOT,TREG,FREIGN,TR,1,Y40-64,ITTOT,X1033,X1033,2021,88,,,,,,,,,,,,,,
IT1:28_185_DF_DCIS_MIGRAZIONI_2(1.0),A,ITTOT,TREG,FREIGN,TR,1,Y40-64,ITTOT,X1033,X1033,2022,153,,,,,,,,,,,,,,
IT1:28_185_DF_DCIS_MIGRAZIONI_2(1.0),A,ITTOT,TREG,FREIGN,TR,1,Y40-64,ITTOT,X1033,X1033,2023,174,p,,,,,,,,,,,,,
IT1:28_185_DF_DCIS_MIGRAZIONI_2(1.0),A,ITTOT,TREG,FREIGN,TR,2,TOTAL,ITTOT,X1033,X1033,2002,404,,,,,,,,,,,,,,
IT1:28_185_DF_DCIS_MIGRAZIONI_2(1.0),A,ITTOT,TREG,FREIGN,TR,2,TOTAL,ITTOT,X1033,X1033,2003,354,,,,,,,,,,,,,,
IT1:28_185_DF_DCIS_MIGRAZIONI_2(1.0),A,ITTOT,TREG,FREIGN,TR,2,TOTAL,ITTOT,X1033,X1033,2004,545,,,,,,,,,,,,,,
IT1:28_185_DF_DCIS_MIGRAZIONI_2(1.0),A,ITTOT,TREG,FREIGN,TR,2,TOTAL,ITTOT,X1033,X1033,2005,563,,,,,,,,,,,,,,
IT1:28_185_DF_DCIS_MIGRAZIONI_2(1.0),A,ITTOT,TREG,FREIGN,TR,2,TOTAL,ITTOT,X1033,X1033,2006,503,,,,,,,,,,,,,,
IT1:28_185_DF_DCIS_MIGRAZIONI_2(1.0),A,ITTOT,TREG,FREIGN,TR,2,TOTAL,ITTOT,X1033,X1033,2007,480,,,,,,,,,,,,,,
IT1:28_185_DF_DCIS_MIGRAZIONI_2(1.0),A,ITTOT,TREG,FREIGN,TR,2,TOTAL,ITTOT,X1033,X1033,2008,608,,,,,,,,,,,,,,
IT1:28_185_DF_DCIS_MIGRAZIONI_2(1.0),A,ITTOT,TREG,FREIGN,TR,2,TOTAL,ITTOT,X1033,X1033,2009,564,,,,,,,,,,,,,,
IT1:28_185_DF_DCIS_MIGRAZIONI_2(1.0),A,ITTOT,TREG,FREIGN,TR,2,TOTAL,ITTOT,X1033,X1033,2010,518,,,,,,,,,,,,,,
IT1:28_185_DF_DCIS_MIGRAZIONI_2(1.0),A,ITTOT,TREG,FREIGN,TR,2,TOTAL,ITTOT,X1033,X1033,2011,530,,,,,,,,,,,,,,
IT1:28_185_DF_DCIS_MIGRAZIONI_2(1.0),A,ITTOT,TREG,FREIGN,TR,2,TOTAL,ITTOT,X1033,X1033,2012,455,,,,,,,,,,,,,,
IT1:28_185_DF_DCIS_MIGRAZIONI_2(1.0),A,ITTOT,TREG,FREIGN,TR,2,TOTAL,ITTOT,X1033,X1033,2013,452,,,,,,,,,,,,,,
IT1:28_185_DF_DCIS_MIGRAZIONI_2(1.0),A,ITTOT,TREG,FREIGN,TR,2,TOTAL,ITTOT,X1033,X1033,2014,392,,,,,,,,,,,,,,
IT1:28_185_DF_DCIS_MIGRAZIONI_2(1.0),A,ITTOT,TREG,FREIGN,TR,2,TOTAL,ITTOT,X1033,X1033,2015,356,,,,,,,,,,,,,,
IT1:28_185_DF_DCIS_MIGRAZIONI_2(1.0),A,ITTOT,TREG,FREIGN,TR,2,TOTAL,ITTOT,X1033,X1033,2016,378,,,,,,,,,,,,,,
IT1:28_185_DF_DCIS_MIGRAZIONI_2(1.0),A,ITTOT,TREG,FREIGN,TR,2,TOTAL,ITTOT,X1033,X1033,2017,443,,,,,,,,,,,,,,
IT1:28_185_DF_DCIS_MIGRAZIONI_2(1.0),A,ITTOT,TREG,FREIGN,TR,2,TOTAL,ITTOT,X1033,X1033,2018,482,,,,,,,,,,,,,,
IT1:28_185_DF_DCIS_MIGRAZIONI_2(1.0),A,ITTOT,TREG,FREIGN,TR,2,TOTAL,ITTOT,X1033,X1033,2019,521,,,,,,,,,,,,,,
IT1:28_185_DF_DCIS_MIGRAZIONI_2(1.0),A,ITTOT,TREG,FREIGN,TR,2,TOTAL,ITTOT,X1033,X1033,2020,395,,,,,,,,,,,,,,
IT1:28_185_DF_DCIS_MIGRAZIONI_2(1.0),A,ITTOT,TREG,FREIGN,TR,2,TOTAL,ITTOT,X1033,X1033,2021,544,,,,,,,,,,,,,,
IT1:28_185_DF_DCIS_MIGRAZIONI_2(1.0),A,ITTOT,TREG,FREIGN,TR,2,TOTAL,ITTOT,X1033,X1033,2022,696,,,,,,,,,,,,,,
IT1:28_185_DF_DCIS_MIGRAZIONI_2(1.0),A,ITTOT,TREG,FREIGN,TR,2,TOTAL,ITTOT,X1033,X1033,2023,1061,p,,,,,,,,,,,,,
IT1:28_185_DF_DCIS_MIGRAZIONI_2(1.0),A,ITTOT,TREG,FREIGN,TR,2,Y_GE65,ITTOT,X1033,X1033,2002,3,,,,,,,,,,,,,,
IT1:28_185_DF_DCIS_MIGRAZIONI_2(1.0),A,ITTOT,TREG,FREIGN,TR,2,Y_GE65,ITTOT,X1033,X1033,2003,4,,,,,,,,,,,,,,
IT1:28_185_DF_DCIS_MIGRAZIONI_2(1.0),A,ITTOT,TREG,FREIGN,TR,2,Y_GE65,ITTOT,X1033,X1033,2004,8,,,,,,,,,,,,,,
IT1:28_185_DF_DCIS_MIGRAZIONI_2(1.0),A,ITTOT,TREG,FREIGN,TR,2,Y_GE65,ITTOT,X1033,X1033,2005,5,,,,,,,,,,,,,,
IT1:28_185_DF_DCIS_MIGRAZIONI_2(1.0),A,ITTOT,TREG,FREIGN,TR,2,Y_GE65,ITTOT,X1033,X1033,2006,5,,,,,,,,,,,,,,
IT1:28_185_DF_DCIS_MIGRAZIONI_2(1.0),A,ITTOT,TREG,FREIGN,TR,2,Y_GE65,ITTOT,X1033,X1033,2007,4,,,,,,,,,,,,,,
IT1:28_185_DF_DCIS_MIGRAZIONI_2(1.0),A,ITTOT,TREG,FREIGN,TR,2,Y_GE65,ITTOT,X1033,X1033,2008,9,,,,,,,,,,,,,,
IT1:28_185_DF_DCIS_MIGRAZIONI_2(1.0),A,ITTOT,TREG,FREIGN,TR,2,Y_GE65,ITTOT,X1033,X1033,2009,11,,,,,,,,,,,,,,
IT1:28_185_DF_DCIS_MIGRAZIONI_2(1.0),A,ITTOT,TREG,FREIGN,TR,2,Y_GE65,ITTOT,X1033,X1033,2010,7,,,,,,,,,,,,,,
IT1:28_185_DF_DCIS_MIGRAZIONI_2(1.0),A,ITTOT,TREG,FREIGN,TR,2,Y_GE65,ITTOT,X1033,X1033,2011,7,,,,,,,,,,,,,,
IT1:28_185_DF_DCIS_MIGRAZIONI_2(1.0),A,ITTOT,TREG,FREIGN,TR,2,Y_GE65,ITTOT,X1033,X1033,2012,8,,,,,,,,,,,,,,
IT1:28_185_DF_DCIS_MIGRAZIONI_2(1.0),A,ITTOT,TREG,FREIGN,TR,2,Y_GE65,ITTOT,X1033,X1033,2013,11,,,,,,,,,,,,,,
IT1:28_185_DF_DCIS_MIGRAZIONI_2(1.0),A,ITTOT,TREG,FREIGN,TR,2,Y_GE65,ITTOT,X1033,X1033,2014,12,,,,,,,,,,,,,,
IT1:28_185_DF_DCIS_MIGRAZIONI_2(1.0),A,ITTOT,TREG,FREIGN,TR,2,Y_GE65,ITTOT,X1033,X1033,2015,4,,,,,,,,,,,,,,
IT1:28_185_DF_DCIS_MIGRAZIONI_2(1.0),A,ITTOT,TREG,FREIGN,TR,2,Y_GE65,ITTOT,X1033,X1033,2016,4,,,,,,,,,,,,,,
IT1:28_185_DF_DCIS_MIGRAZIONI_2(1.0),A,ITTOT,TREG,FREIGN,TR,2,Y_GE65,ITTOT,X1033,X1033,2017,9,,,,,,,,,,,,,,
IT1:28_185_DF_DCIS_MIGRAZIONI_2(1.0),A,ITTOT,TREG,FREIGN,TR,2,Y_GE65,ITTOT,X1033,X1033,2018,12,,,,,,,,,,,,,,
IT1:28_185_DF_DCIS_MIGRAZIONI_2(1.0),A,ITTOT,TREG,FREIGN,TR,2,Y_GE65,ITTOT,X1033,X1033,2019,12,,,,,,,,,,,,,,
IT1:28_185_DF_DCIS_MIGRAZIONI_2(1.0),A,ITTOT,TREG,FREIGN,TR,2,Y_GE65,ITTOT,X1033,X1033,2020,4,,,,,,,,,,,,,,
IT1:28_185_DF_DCIS_MIGRAZIONI_2(1.0),A,ITTOT,TREG,FREIGN,TR,2,Y_GE65,ITTOT,X1033,X1033,2021,7,,,,,,,,,,,,,,
IT1:28_185_DF_DCIS_MIGRAZIONI_2(1.0),A,ITTOT,TREG,FREIGN,TR,2,Y_GE65,ITTOT,X1033,X1033,2022,9,,,,,,,,,,,,,,
IT1:28_185_DF_DCIS_MIGRAZIONI_2(1.0),A,ITTOT,TREG,FREIGN,TR,2,Y_GE65,ITTOT,X1033,X1033,2023,14,p,,,,,,,,,,,,,
IT1:28_185_DF_DCIS_MIGRAZIONI_2(1.0),A,ITTOT,TREG,FREIGN,TR,2,Y_UN17,ITTOT,X1033,X1033,2002,161,,,,,,,,,,,,,,
IT1:28_185_DF_DCIS_MIGRAZIONI_2(1.0),A,ITTOT,TREG,FREIGN,TR,2,Y_UN17,ITTOT,X1033,X1033,2003,104,,,,,,,,,,,,,,
IT1:28_185_DF_DCIS_MIGRAZIONI_2(1.0),A,ITTOT,TREG,FREIGN,TR,2,Y_UN17,ITTOT,X1033,X1033,2004,130,,,,,,,,,,,,,,
IT1:28_185_DF_DCIS_MIGRAZIONI_2(1.0),A,ITTOT,TREG,FREIGN,TR,2,Y_UN17,ITTOT,X1033,X1033,2005,169,,,,,,,,,,,,,,
IT1:28_185_DF_DCIS_MIGRAZIONI_2(1.0),A,ITTOT,TREG,FREIGN,TR,2,Y_UN17,ITTOT,X1033,X1033,2006,139,,,,,,,,,,,,,,
IT1:28_185_DF_DCIS_MIGRAZIONI_2(1.0),A,ITTOT,TREG,FREIGN,TR,2,Y_UN17,ITTOT,X1033,X1033,2007,134,,,,,,,,,,,,,,
IT1:28_185_DF_DCIS_MIGRAZIONI_2(1.0),A,ITTOT,TREG,FREIGN,TR,2,Y_UN17,ITTOT,X1033,X1033,2008,172,,,,,,,,,,,,,,
IT1:28_185_DF_DCIS_MIGRAZIONI_2(1.0),A,ITTOT,TREG,FREIGN,TR,2,Y_UN17,ITTOT,X1033,X1033,2009,121,,,,,,,,,,,,,,
IT1:28_185_DF_DCIS_MIGRAZIONI_2(1.0),A,ITTOT,TREG,FREIGN,TR,2,Y_UN17,ITTOT,X1033,X1033,2010,101,,,,,,,,,,,,,,
IT1:28_185_DF_DCIS_MIGRAZIONI_2(1.0),A,ITTOT,TREG,FREIGN,TR,2,Y_UN17,ITTOT,X1033,X1033,2011,129,,,,,,,,,,,,,,
IT1:28_185_DF_DCIS_MIGRAZIONI_2(1.0),A,ITTOT,TREG,FREIGN,TR,2,Y_UN17,ITTOT,X1033,X1033,2012,96,,,,,,,,,,,,,,
IT1:28_185_DF_DCIS_MIGRAZIONI_2(1.0),A,ITTOT,TREG,FREIGN,TR,2,Y_UN17,ITTOT,X1033,X1033,2013,75,,,,,,,,,,,,,,
IT1:28_185_DF_DCIS_MIGRAZIONI_2(1.0),A,ITTOT,TREG,FREIGN,TR,2,Y_UN17,ITTOT,X1033,X1033,2014,62,,,,,,,,,,,,,,
IT1:28_185_DF_DCIS_MIGRAZIONI_2(1.0),A,ITTOT,TREG,FREIGN,TR,2,Y_UN17,ITTOT,X1033,X1033,2015,56,,,,,,,,,,,,,,
IT1:28_185_DF_DCIS_MIGRAZIONI_2(1.0),A,ITTOT,TREG,FREIGN,TR,2,Y_UN17,ITTOT,X1033,X1033,2016,57,,,,,,,,,,,,,,
IT1:28_185_DF_DCIS_MIGRAZIONI_2(1.0),A,ITTOT,TREG,FREIGN,TR,2,Y_UN17,ITTOT,X1033,X1033,2017,57,,,,,,,,,,,,,,
IT1:28_185_DF_DCIS_MIGRAZIONI_2(1.0),A,ITTOT,TREG,FREIGN,TR,2,Y_UN17,ITTOT,X1033,X1033,2018,68,,,,,,,,,,,,,,
IT1:28_185_DF_DCIS_MIGRAZIONI_2(1.0),A,ITTOT,TREG,FREIGN,TR,2,Y_UN17,ITTOT,X1033,X1033,2019,72,,,,,,,,,,,,,,
IT1:28_185_DF_DCIS_MIGRAZIONI_2(1.0),A,ITTOT,TREG,FREIGN,TR,2,Y_UN17,ITTOT,X1033,X1033,2020,45,,,,,,,,,,,,,,
IT1:28_185_DF_DCIS_MIGRAZIONI_2(1.0),A,ITTOT,TREG,FREIGN,TR,2,Y_UN17,ITTOT,X1033,X1033,2021,51,,,,,,,,,,,,,,
IT1:28_185_DF_DCIS_MIGRAZIONI_2(1.0),A,ITTOT,TREG,FREIGN,TR,2,Y_UN17,ITTOT,X1033,X1033,2022,84,,,,,,,,,,,,,,
IT1:28_185_DF_DCIS_MIGRAZIONI_2(1.0),A,ITTOT,TREG,FREIGN,TR,2,Y_UN17,ITTOT,X1033,X1033,2023,156,p,,,,,,,,,,,,,
IT1:28_185_DF_DCIS_MIGRAZIONI_2(1.0),A,ITTOT,TREG,FREIGN,TR,2,Y18-39,ITTOT,X1033,X1033,2002,211,,,,,,,,,,,,,,
IT1:28_185_DF_DCIS_MIGRAZIONI_2(1.0),A,ITTOT,TREG,FREIGN,TR,2,Y18-39,ITTOT,X1033,X1033,2003,217,,,,,,,,,,,,,,
IT1:28_185_DF_DCIS_MIGRAZIONI_2(1.0),A,ITTOT,TREG,FREIGN,TR,2,Y18-39,ITTOT,X1033,X1033,2004,358,,,,,,,,,,,,,,
IT1:28_185_DF_DCIS_MIGRAZIONI_2(1.0),A,ITTOT,TREG,FREIGN,TR,2,Y18-39,ITTOT,X1033,X1033,2005,335,,,,,,,,,,,,,,
IT1:28_185_DF_DCIS_MIGRAZIONI_2(1.0),A,ITTOT,TREG,FREIGN,TR,2,Y18-39,ITTOT,X1033,X1033,2006,308,,,,,,,,,,,,,,
IT1:28_185_DF_DCIS_MIGRAZIONI_2(1.0),A,ITTOT,TREG,FREIGN,TR,2,Y18-39,ITTOT,X1033,X1033,2007,305,,,,,,,,,,,,,,
IT1:28_185_DF_DCIS_MIGRAZIONI_2(1.0),A,ITTOT,TREG,FREIGN,TR,2,Y18-39,ITTOT,X1033,X1033,2008,362,,,,,,,,,,,,,,
IT1:28_185_DF_DCIS_MIGRAZIONI_2(1.0),A,ITTOT,TREG,FREIGN,TR,2,Y18-39,ITTOT,X1033,X1033,2009,377,,,,,,,,,,,,,,
IT1:28_185_DF_DCIS_MIGRAZIONI_2(1.0),A,ITTOT,TREG,FREIGN,TR,2,Y18-39,ITTOT,X1033,X1033,2010,350,,,,,,,,,,,,,,
IT1:28_185_DF_DCIS_MIGRAZIONI_2(1.0),A,ITTOT,TREG,FREIGN,TR,2,Y18-39,ITTOT,X1033,X1033,2011,343,,,,,,,,,,,,,,
IT1:28_185_DF_DCIS_MIGRAZIONI_2(1.0),A,ITTOT,TREG,FREIGN,TR,2,Y18-39,ITTOT,X1033,X1033,2012,309,,,,,,,,,,,,,,
IT1:28_185_DF_DCIS_MIGRAZIONI_2(1.0),A,ITTOT,TREG,FREIGN,TR,2,Y18-39,ITTOT,X1033,X1033,2013,335,,,,,,,,,,,,,,
IT1:28_185_DF_DCIS_MIGRAZIONI_2(1.0),A,ITTOT,TREG,FREIGN,TR,2,Y18-39,ITTOT,X1033,X1033,2014,277,,,,,,,,,,,,,,
IT1:28_185_DF_DCIS_MIGRAZIONI_2(1.0),A,ITTOT,TREG,FREIGN,TR,2,Y18-39,ITTOT,X1033,X1033,2015,271,,,,,,,,,,,,,,
IT1:28_185_DF_DCIS_MIGRAZIONI_2(1.0),A,ITTOT,TREG,FREIGN,TR,2,Y18-39,ITTOT,X1033,X1033,2016,276,,,,,,,,,,,,,,
IT1:28_185_DF_DCIS_MIGRAZIONI_2(1.0),A,ITTOT,TREG,FREIGN,TR,2,Y18-39,ITTOT,X1033,X1033,2017,323,,,,,,,,,,,,,,
IT1:28_185_DF_DCIS_MIGRAZIONI_2(1.0),A,ITTOT,TREG,FREIGN,TR,2,Y18-39,ITTOT,X1033,X1033,2018,346,,,,,,,,,,,,,,
IT1:28_185_DF_DCIS_MIGRAZIONI_2(1.0),A,ITTOT,TREG,FREIGN,TR,2,Y18-39,ITTOT,X1033,X1033,2019,375,,,,,,,,,,,,,,
IT1:28_185_DF_DCIS_MIGRAZIONI_2(1.0),A,ITTOT,TREG,FREIGN,TR,2,Y18-39,ITTOT,X1033,X1033,2020,307,,,,,,,,,,,,,,
IT1:28_185_DF_DCIS_MIGRAZIONI_2(1.0),A,ITTOT,TREG,FREIGN,TR,2,Y18-39,ITTOT,X1033,X1033,2021,420,,,,,,,,,,,,,,
IT1:28_185_DF_DCIS_MIGRAZIONI_2(1.0),A,ITTOT,TREG,FREIGN,TR,2,Y18-39,ITTOT,X1033,X1033,2022,514,,,,,,,,,,,,,,
IT1:28_185_DF_DCIS_MIGRAZIONI_2(1.0),A,ITTOT,TREG,FREIGN,TR,2,Y18-39,ITTOT,X1033,X1033,2023,777,p,,,,,,,,,,,,,
IT1:28_185_DF_DCIS_MIGRAZIONI_2(1.0),A,ITTOT,TREG,FREIGN,TR,2,Y40-64,ITTOT,X1033,X1033,2002,29,,,,,,,,,,,,,,
IT1:28_185_DF_DCIS_MIGRAZIONI_2(1.0),A,ITTOT,TREG,FREIGN,TR,2,Y40-64,ITTOT,X1033,X1033,2003,29,,,,,,,,,,,,,,
IT1:28_185_DF_DCIS_MIGRAZIONI_2(1.0),A,ITTOT,TREG,FREIGN,TR,2,Y40-64,ITTOT,X1033,X1033,2004,49,,,,,,,,,,,,,,
IT1:28_185_DF_DCIS_MIGRAZIONI_2(1.0),A,ITTOT,TREG,FREIGN,TR,2,Y40-64,ITTOT,X1033,X1033,2005,54,,,,,,,,,,,,,,
IT1:28_185_DF_DCIS_MIGRAZIONI_2(1.0),A,ITTOT,TREG,FREIGN,TR,2,Y40-64,ITTOT,X1033,X1033,2006,51,,,,,,,,,,,,,,
IT1:28_185_DF_DCIS_MIGRAZIONI_2(1.0),A,ITTOT,TREG,FREIGN,TR,2,Y40-64,ITTOT,X1033,X1033,2007,37,,,,,,,,,,,,,,
IT1:28_185_DF_DCIS_MIGRAZIONI_2(1.0),A,ITTOT,TREG,FREIGN,TR,2,Y40-64,ITTOT,X1033,X1033,2008,65,,,,,,,,,,,,,,
IT1:28_185_DF_DCIS_MIGRAZIONI_2(1.0),A,ITTOT,TREG,FREIGN,TR,2,Y40-64,ITTOT,X1033,X1033,2009,55,,,,,,,,,,,,,,
IT1:28_185_DF_DCIS_MIGRAZIONI_2(1.0),A,ITTOT,TREG,FREIGN,TR,2,Y40-64,ITTOT,X1033,X1033,2010,60,,,,,,,,,,,,,,
IT1:28_185_DF_DCIS_MIGRAZIONI_2(1.0),A,ITTOT,TREG,FREIGN,TR,2,Y40-64,ITTOT,X1033,X1033,2011,51,,,,,,,,,,,,,,
IT1:28_185_DF_DCIS_MIGRAZIONI_2(1.0),A,ITTOT,TREG,FREIGN,TR,2,Y40-64,ITTOT,X1033,X1033,2012,42,,,,,,,,,,,,,,
IT1:28_185_DF_DCIS_MIGRAZIONI_2(1.0),A,ITTOT,TREG,FREIGN,TR,2,Y40-64,ITTOT,X1033,X1033,2013,31,,,,,,,,,,,,,,
IT1:28_185_DF_DCIS_MIGRAZIONI_2(1.0),A,ITTOT,TREG,FREIGN,TR,2,Y40-64,ITTOT,X1033,X1033,2014,41,,,,,,,,,,,,,,
IT1:28_185_DF_DCIS_MIGRAZIONI_2(1.0),A,ITTOT,TREG,FREIGN,TR,2,Y40-64,ITTOT,X1033,X1033,2015,25,,,,,,,,,,,,,,
IT1:28_185_DF_DCIS_MIGRAZIONI_2(1.0),A,ITTOT,TREG,FREIGN,TR,2,Y40-64,ITTOT,X1033,X1033,2016,41,,,,,,,,,,,,,,
IT1:28_185_DF_DCIS_MIGRAZIONI_2(1.0),A,ITTOT,TREG,FREIGN,TR,2,Y40-64,ITTOT,X1033,X1033,2017,54,,,,,,,,,,,,,,
IT1:28_185_DF_DCIS_MIGRAZIONI_2(1.0),A,ITTOT,TREG,FREIGN,TR,2,Y40-64,ITTOT,X1033,X1033,2018,56,,,,,,,,,,,,,,
IT1:28_185_DF_DCIS_MIGRAZIONI_2(1.0),A,ITTOT,TREG,FREIGN,TR,2,Y40-64,ITTOT,X1033,X1033,2019,62,,,,,,,,,,,,,,
IT1:28_185_DF_DCIS_MIGRAZIONI_2(1.0),A,ITTOT,TREG,FREIGN,TR,2,Y40-64,ITTOT,X1033,X1033,2020,39,,,,,,,,,,,,,,
IT1:28_185_DF_DCIS_MIGRAZIONI_2(1.0),A,ITTOT,TREG,FREIGN,TR,2,Y40-64,ITTOT,X1033,X1033,2021,66,,,,,,,,,,,,,,
IT1:28_185_DF_DCIS_MIGRAZIONI_2(1.0),A,ITTOT,TREG,FREIGN,TR,2,Y40-64,ITTOT,X1033,X1033,2022,89,,,,,,,,,,,,,,
IT1:28_185_DF_DCIS_MIGRAZIONI_2(1.0),A,ITTOT,TREG,FREIGN,TR,2,Y40-64,ITTOT,X1033,X1033,2023,114,p,,,,,,,,,,,,,
IT1:28_185_DF_DCIS_MIGRAZIONI_2(1.0),A,ITTOT,TREG,FREIGN,TR,9,TOTAL,ITTOT,X1033,X1033,2002,942,,,,,,,,,,,,,,
IT1:28_185_DF_DCIS_MIGRAZIONI_2(1.0),A,ITTOT,TREG,FREIGN,TR,9,TOTAL,ITTOT,X1033,X1033,2003,1295,,,,,,,,,,,,,,
IT1:28_185_DF_DCIS_MIGRAZIONI_2(1.0),A,ITTOT,TREG,FREIGN,TR,9,TOTAL,ITTOT,X1033,X1033,2004,1720,,,,,,,,,,,,,,
IT1:28_185_DF_DCIS_MIGRAZIONI_2(1.0),A,ITTOT,TREG,FREIGN,TR,9,TOTAL,ITTOT,X1033,X1033,2005,1236,,,,,,,,,,,,,,
IT1:28_185_DF_DCIS_MIGRAZIONI_2(1.0),A,ITTOT,TREG,FREIGN,TR,9,TOTAL,ITTOT,X1033,X1033,2006,1076,,,,,,,,,,,,,,
IT1:28_185_DF_DCIS_MIGRAZIONI_2(1.0),A,ITTOT,TREG,FREIGN,TR,9,TOTAL,ITTOT,X1033,X1033,2007,1125,,,,,,,,,,,,,,
IT1:28_185_DF_DCIS_MIGRAZIONI_2(1.0),A,ITTOT,TREG,FREIGN,TR,9,TOTAL,ITTOT,X1033,X1033,2008,1391,,,,,,,,,,,,,,
IT1:28_185_DF_DCIS_MIGRAZIONI_2(1.0),A,ITTOT,TREG,FREIGN,TR,9,TOTAL,ITTOT,X1033,X1033,2009,1403,,,,,,,,,,,,,,
IT1:28_185_DF_DCIS_MIGRAZIONI_2(1.0),A,ITTOT,TREG,FREIGN,TR,9,TOTAL,ITTOT,X1033,X1033,2010,1509,,,,,,,,,,,,,,
IT1:28_185_DF_DCIS_MIGRAZIONI_2(1.0),A,ITTOT,TREG,FREIGN,TR,9,TOTAL,ITTOT,X1033,X1033,2011,1397,,,,,,,,,,,,,,
IT1:28_185_DF_DCIS_MIGRAZIONI_2(1.0),A,ITTOT,TREG,FREIGN,TR,9,TOTAL,ITTOT,X1033,X1033,2012,1202,,,,,,,,,,,,,,
IT1:28_185_DF_DCIS_MIGRAZIONI_2(1.0),A,ITTOT,TREG,FREIGN,TR,9,TOTAL,ITTOT,X1033,X1033,2013,1169,,,,,,,,,,,,,,
IT1:28_185_DF_DCIS_MIGRAZIONI_2(1.0),A,ITTOT,TREG,FREIGN,TR,9,TOTAL,ITTOT,X1033,X1033,2014,927,,,,,,,,,,,,,,
IT1:28_185_DF_DCIS_MIGRAZIONI_2(1.0),A,ITTOT,TREG,FREIGN,TR,9,TOTAL,ITTOT,X1033,X1033,2015,875,,,,,,,,,,,,,,
IT1:28_185_DF_DCIS_MIGRAZIONI_2(1.0),A,ITTOT,TREG,FREIGN,TR,9,TOTAL,ITTOT,X1033,X1033,2016,840,,,,,,,,,,,,,,
IT1:28_185_DF_DCIS_MIGRAZIONI_2(1.0),A,ITTOT,TREG,FREIGN,TR,9,TOTAL,ITTOT,X1033,X1033,2017,997,,,,,,,,,,,,,,
IT1:28_185_DF_DCIS_MIGRAZIONI_2(1.0),A,ITTOT,TREG,FREIGN,TR,9,TOTAL,ITTOT,X1033,X1033,2018,1057,,,,,,,,,,,,,,
IT1:28_185_DF_DCIS_MIGRAZIONI_2(1.0),A,ITTOT,TREG,FREIGN,TR,9,TOTAL,ITTOT,X1033,X1033,2019,1111,,,,,,,,,,,,,,
IT1:28_185_DF_DCIS_MIGRAZIONI_2(1.0),A,ITTOT,TREG,FREIGN,TR,9,TOTAL,ITTOT,X1033,X1033,2020,946,,,,,,,,,,,,,,
IT1:28_185_DF_DCIS_MIGRAZIONI_2(1.0),A,ITTOT,TREG,FREIGN,TR,9,TOTAL,ITTOT,X1033,X1033,2021,1217,,,,,,,,,,,,,,
IT1:28_185_DF_DCIS_MIGRAZIONI_2(1.0),A,ITTOT,TREG,FREIGN,TR,9,TOTAL,ITTOT,X1033,X1033,2022,1712,,,,,,,,,,,,,,
IT1:28_185_DF_DCIS_MIGRAZIONI_2(1.0),A,ITTOT,TREG,FREIGN,TR,9,TOTAL,ITTOT,X1033,X1033,2023,2446,p,,,,,,,,,,,,,
IT1:28_185_DF_DCIS_MIGRAZIONI_2(1.0),A,ITTOT,TREG,FREIGN,TR,9,Y_GE65,ITTOT,X1033,X1033,2002,5,,,,,,,,,,,,,,
IT1:28_185_DF_DCIS_MIGRAZIONI_2(1.0),A,ITTOT,TREG,FREIGN,TR,9,Y_GE65,ITTOT,X1033,X1033,2003,6,,,,,,,,,,,,,,
IT1:28_185_DF_DCIS_MIGRAZIONI_2(1.0),A,ITTOT,TREG,FREIGN,TR,9,Y_GE65,ITTOT,X1033,X1033,2004,23,,,,,,,,,,,,,,
IT1:28_185_DF_DCIS_MIGRAZIONI_2(1.0),A,ITTOT,TREG,FREIGN,TR,9,Y_GE65,ITTOT,X1033,X1033,2005,9,,,,,,,,,,,,,,
IT1:28_185_DF_DCIS_MIGRAZIONI_2(1.0),A,ITTOT,TREG,FREIGN,TR,9,Y_GE65,ITTOT,X1033,X1033,2006,7,,,,,,,,,,,,,,
IT1:28_185_DF_DCIS_MIGRAZIONI_2(1.0),A,ITTOT,TREG,FREIGN,TR,9,Y_GE65,ITTOT,X1033,X1033,2007,4,,,,,,,,,,,,,,
IT1:28_185_DF_DCIS_MIGRAZIONI_2(1.0),A,ITTOT,TREG,FREIGN,TR,9,Y_GE65,ITTOT,X1033,X1033,2008,15,,,,,,,,,,,,,,
IT1:28_185_DF_DCIS_MIGRAZIONI_2(1.0),A,ITTOT,TREG,FREIGN,TR,9,Y_GE65,ITTOT,X1033,X1033,2009,17,,,,,,,,,,,,,,
IT1:28_185_DF_DCIS_MIGRAZIONI_2(1.0),A,ITTOT,TREG,FREIGN,TR,9,Y_GE65,ITTOT,X1033,X1033,2010,8,,,,,,,,,,,,,,
IT1:28_185_DF_DCIS_MIGRAZIONI_2(1.0),A,ITTOT,TREG,FREIGN,TR,9,Y_GE65,ITTOT,X1033,X1033,2011,11,,,,,,,,,,,,,,
IT1:28_185_DF_DCIS_MIGRAZIONI_2(1.0),A,ITTOT,TREG,FREIGN,TR,9,Y_GE65,ITTOT,X1033,X1033,2012,12,,,,,,,,,,,,,,
IT1:28_185_DF_DCIS_MIGRAZIONI_2(1.0),A,ITTOT,TREG,FREIGN,TR,9,Y_GE65,ITTOT,X1033,X1033,2013,24,,,,,,,,,,,,,,
IT1:28_185_DF_DCIS_MIGRAZIONI_2(1.0),A,ITTOT,TREG,FREIGN,TR,9,Y_GE65,ITTOT,X1033,X1033,2014,15,,,,,,,,,,,,,,
IT1:28_185_DF_DCIS_MIGRAZIONI_2(1.0),A,ITTOT,TREG,FREIGN,TR,9,Y_GE65,ITTOT,X1033,X1033,2015,4,,,,,,,,,,,,,,
IT1:28_185_DF_DCIS_MIGRAZIONI_2(1.0),A,ITTOT,TREG,FREIGN,TR,9,Y_GE65,ITTOT,X1033,X1033,2016,6,,,,,,,,,,,,,,
IT1:28_185_DF_DCIS_MIGRAZIONI_2(1.0),A,ITTOT,TREG,FREIGN,TR,9,Y_GE65,ITTOT,X1033,X1033,2017,11,,,,,,,,,,,,,,
IT1:28_185_DF_DCIS_MIGRAZIONI_2(1.0),A,ITTOT,TREG,FREIGN,TR,9,Y_GE65,ITTOT,X1033,X1033,2018,18,,,,,,,,,,,,,,
IT1:28_185_DF_DCIS_MIGRAZIONI_2(1.0),A,ITTOT,TREG,FREIGN,TR,9,Y_GE65,ITTOT,X1033,X1033,2019,18,,,,,,,,,,,,,,
IT1:28_185_DF_DCIS_MIGRAZIONI_2(1.0),A,ITTOT,TREG,FREIGN,TR,9,Y_GE65,ITTOT,X1033,X1033,2020,7,,,,,,,,,,,,,,
IT1:28_185_DF_DCIS_MIGRAZIONI_2(1.0),A,ITTOT,TREG,FREIGN,TR,9,Y_GE65,ITTOT,X1033,X1033,2021,10,,,,,,,,,,,,,,
IT1:28_185_DF_DCIS_MIGRAZIONI_2(1.0),A,ITTOT,TREG,FREIGN,TR,9,Y_GE65,ITTOT,X1033,X1033,2022,17,,,,,,,,,,,,,,
IT1:28_185_DF_DCIS_MIGRAZIONI_2(1.0),A,ITTOT,TREG,FREIGN,TR,9,Y_GE65,ITTOT,X1033,X1033,2023,23,p,,,,,,,,,,,,,
IT1:28_185_DF_DCIS_MIGRAZIONI_2(1.0),A,ITTOT,TREG,FREIGN,TR,9,Y_UN17,ITTOT,X1033,X1033,2002,289,,,,,,,,,,,,,,
IT1:28_185_DF_DCIS_MIGRAZIONI_2(1.0),A,ITTOT,TREG,FREIGN,TR,9,Y_UN17,ITTOT,X1033,X1033,2003,235,,,,,,,,,,,,,,
IT1:28_185_DF_DCIS_MIGRAZIONI_2(1.0),A,ITTOT,TREG,FREIGN,TR,9,Y_UN17,ITTOT,X1033,X1033,2004,289,,,,,,,,,,,,,,
IT1:28_185_DF_DCIS_MIGRAZIONI_2(1.0),A,ITTOT,TREG,FREIGN,TR,9,Y_UN17,ITTOT,X1033,X1033,2005,374,,,,,,,,,,,,,,
IT1:28_185_DF_DCIS_MIGRAZIONI_2(1.0),A,ITTOT,TREG,FREIGN,TR,9,Y_UN17,ITTOT,X1033,X1033,2006,294,,,,,,,,,,,,,,
IT1:28_185_DF_DCIS_MIGRAZIONI_2(1.0),A,ITTOT,TREG,FREIGN,TR,9,Y_UN17,ITTOT,X1033,X1033,2007,320,,,,,,,,,,,,,,
IT1:28_185_DF_DCIS_MIGRAZIONI_2(1.0),A,ITTOT,TREG,FREIGN,TR,9,Y_UN17,ITTOT,X1033,X1033,2008,359,,,,,,,,,,,,,,
IT1:28_185_DF_DCIS_MIGRAZIONI_2(1.0),A,ITTOT,TREG,FREIGN,TR,9,Y_UN17,ITTOT,X1033,X1033,2009,280,,,,,,,,,,,,,,
IT1:28_185_DF_DCIS_MIGRAZIONI_2(1.0),A,ITTOT,TREG,FREIGN,TR,9,Y_UN17,ITTOT,X1033,X1033,2010,239,,,,,,,,,,,,,,
IT1:28_185_DF_DCIS_MIGRAZIONI_2(1.0),A,ITTOT,TREG,FREIGN,TR,9,Y_UN17,ITTOT,X1033,X1033,2011,268,,,,,,,,,,,,,,
IT1:28_185_DF_DCIS_MIGRAZIONI_2(1.0),A,ITTOT,TREG,FREIGN,TR,9,Y_UN17,ITTOT,X1033,X1033,2012,187,,,,,,,,,,,,,,
IT1:28_185_DF_DCIS_MIGRAZIONI_2(1.0),A,ITTOT,TREG,FREIGN,TR,9,Y_UN17,ITTOT,X1033,X1033,2013,161,,,,,,,,,,,,,,
IT1:28_185_DF_DCIS_MIGRAZIONI_2(1.0),A,ITTOT,TREG,FREIGN,TR,9,Y_UN17,ITTOT,X1033,X1033,2014,133,,,,,,,,,,,,,,
IT1:28_185_DF_DCIS_MIGRAZIONI_2(1.0),A,ITTOT,TREG,FREIGN,TR,9,Y_UN17,ITTOT,X1033,X1033,2015,127,,,,,,,,,,,,,,
IT1:28_185_DF_DCIS_MIGRAZIONI_2(1.0),A,ITTOT,TREG,FREIGN,TR,9,Y_UN17,ITTOT,X1033,X1033,2016,112,,,,,,,,,,,,,,
IT1:28_185_DF_DCIS_MIGRAZIONI_2(1.0),A,ITTOT,TREG,FREIGN,TR,9,Y_UN17,ITTOT,X1033,X1033,2017,143,,,,,,,,,,,,,,
IT1:28_185_DF_DCIS_MIGRAZIONI_2(1.0),A,ITTOT,TREG,FREIGN,TR,9,Y_UN17,ITTOT,X1033,X1033,2018,151,,,,,,,,,,,,,,
IT1:28_185_DF_DCIS_MIGRAZIONI_2(1.0),A,ITTOT,TREG,FREIGN,TR,9,Y_UN17,ITTOT,X1033,X1033,2019,148,,,,,,,,,,,,,,
IT1:28_185_DF_DCIS_MIGRAZIONI_2(1.0),A,ITTOT,TREG,FREIGN,TR,9,Y_UN17,ITTOT,X1033,X1033,2020,99,,,,,,,,,,,,,,
IT1:28_185_DF_DCIS_MIGRAZIONI_2(1.0),A,ITTOT,TREG,FREIGN,TR,9,Y_UN17,ITTOT,X1033,X1033,2021,134,,,,,,,,,,,,,,
IT1:28_185_DF_DCIS_MIGRAZIONI_2(1.0),A,ITTOT,TREG,FREIGN,TR,9,Y_UN17,ITTOT,X1033,X1033,2022,205,,,,,,,,,,,,,,
IT1:28_185_DF_DCIS_MIGRAZIONI_2(1.0),A,ITTOT,TREG,FREIGN,TR,9,Y_UN17,ITTOT,X1033,X1033,2023,356,p,,,,,,,,,,,,,
IT1:28_185_DF_DCIS_MIGRAZIONI_2(1.0),A,ITTOT,TREG,FREIGN,TR,9,Y18-39,ITTOT,X1033,X1033,2002,573,,,,,,,,,,,,,,
IT1:28_185_DF_DCIS_MIGRAZIONI_2(1.0),A,ITTOT,TREG,FREIGN,TR,9,Y18-39,ITTOT,X1033,X1033,2003,935,,,,,,,,,,,,,,
IT1:28_185_DF_DCIS_MIGRAZIONI_2(1.0),A,ITTOT,TREG,FREIGN,TR,9,Y18-39,ITTOT,X1033,X1033,2004,1214,,,,,,,,,,,,,,
IT1:28_185_DF_DCIS_MIGRAZIONI_2(1.0),A,ITTOT,TREG,FREIGN,TR,9,Y18-39,ITTOT,X1033,X1033,2005,726,,,,,,,,,,,,,,
IT1:28_185_DF_DCIS_MIGRAZIONI_2(1.0),A,ITTOT,TREG,FREIGN,TR,9,Y18-39,ITTOT,X1033,X1033,2006,668,,,,,,,,,,,,,,
IT1:28_185_DF_DCIS_MIGRAZIONI_2(1.0),A,ITTOT,TREG,FREIGN,TR,9,Y18-39,ITTOT,X1033,X1033,2007,720,,,,,,,,,,,,,,
IT1:28_185_DF_DCIS_MIGRAZIONI_2(1.0),A,ITTOT,TREG,FREIGN,TR,9,Y18-39,ITTOT,X1033,X1033,2008,880,,,,,,,,,,,,,,
IT1:28_185_DF_DCIS_MIGRAZIONI_2(1.0),A,ITTOT,TREG,FREIGN,TR,9,Y18-39,ITTOT,X1033,X1033,2009,984,,,,,,,,,,,,,,
IT1:28_185_DF_DCIS_MIGRAZIONI_2(1.0),A,ITTOT,TREG,FREIGN,TR,9,Y18-39,ITTOT,X1033,X1033,2010,1100,,,,,,,,,,,,,,
IT1:28_185_DF_DCIS_MIGRAZIONI_2(1.0),A,ITTOT,TREG,FREIGN,TR,9,Y18-39,ITTOT,X1033,X1033,2011,1008,,,,,,,,,,,,,,
IT1:28_185_DF_DCIS_MIGRAZIONI_2(1.0),A,ITTOT,TREG,FREIGN,TR,9,Y18-39,ITTOT,X1033,X1033,2012,903,,,,,,,,,,,,,,
IT1:28_185_DF_DCIS_MIGRAZIONI_2(1.0),A,ITTOT,TREG,FREIGN,TR,9,Y18-39,ITTOT,X1033,X1033,2013,876,,,,,,,,,,,,,,
IT1:28_185_DF_DCIS_MIGRAZIONI_2(1.0),A,ITTOT,TREG,FREIGN,TR,9,Y18-39,ITTOT,X1033,X1033,2014,689,,,,,,,,,,,,,,
IT1:28_185_DF_DCIS_MIGRAZIONI_2(1.0),A,ITTOT,TREG,FREIGN,TR,9,Y18-39,ITTOT,X1033,X1033,2015,665,,,,,,,,,,,,,,
IT1:28_185_DF_DCIS_MIGRAZIONI_2(1.0),A,ITTOT,TREG,FREIGN,TR,9,Y18-39,ITTOT,X1033,X1033,2016,641,,,,,,,,,,,,,,
IT1:28_185_DF_DCIS_MIGRAZIONI_2(1.0),A,ITTOT,TREG,FREIGN,TR,9,Y18-39,ITTOT,X1033,X1033,2017,711,,,,,,,,,,,,,,
IT1:28_185_DF_DCIS_MIGRAZIONI_2(1.0),A,ITTOT,TREG,FREIGN,TR,9,Y18-39,ITTOT,X1033,X1033,2018,758,,,,,,,,,,,,,,
IT1:28_185_DF_DCIS_MIGRAZIONI_2(1.0),A,ITTOT,TREG,FREIGN,TR,9,Y18-39,ITTOT,X1033,X1033,2019,782,,,,,,,,,,,,,,
IT1:28_185_DF_DCIS_MIGRAZIONI_2(1.0),A,ITTOT,TREG,FREIGN,TR,9,Y18-39,ITTOT,X1033,X1033,2020,721,,,,,,,,,,,,,,
IT1:28_185_DF_DCIS_MIGRAZIONI_2(1.0),A,ITTOT,TREG,FREIGN,TR,9,Y18-39,ITTOT,X1033,X1033,2021,919,,,,,,,,,,,,,,
IT1:28_185_DF_DCIS_MIGRAZIONI_2(1.0),A,ITTOT,TREG,FREIGN,TR,9,Y18-39,ITTOT,X1033,X1033,2022,1248,,,,,,,,,,,,,,
IT1:28_185_DF_DCIS_MIGRAZIONI_2(1.0),A,ITTOT,TREG,FREIGN,TR,9,Y18-39,ITTOT,X1033,X1033,2023,1779,p,,,,,,,,,,,,,
IT1:28_185_DF_DCIS_MIGRAZIONI_2(1.0),A,ITTOT,TREG,FREIGN,TR,9,Y40-64,ITTOT,X1033,X1033,2002,75,,,,,,,,,,,,,,
IT1:28_185_DF_DCIS_MIGRAZIONI_2(1.0),A,ITTOT,TREG,FREIGN,TR,9,Y40-64,ITTOT,X1033,X1033,2003,119,,,,,,,,,,,,,,
IT1:28_185_DF_DCIS_MIGRAZIONI_2(1.0),A,ITTOT,TREG,FREIGN,TR,9,Y40-64,ITTOT,X1033,X1033,2004,194,,,,,,,,,,,,,,
IT1:28_185_DF_DCIS_MIGRAZIONI_2(1.0),A,ITTOT,TREG,FREIGN,TR,9,Y40-64,ITTOT,X1033,X1033,2005,127,,,,,,,,,,,,,,
IT1:28_185_DF_DCIS_MIGRAZIONI_2(1.0),A,ITTOT,TREG,FREIGN,TR,9,Y40-64,ITTOT,X1033,X1033,2006,107,,,,,,,,,,,,,,
IT1:28_185_DF_DCIS_MIGRAZIONI_2(1.0),A,ITTOT,TREG,FREIGN,TR,9,Y40-64,ITTOT,X1033,X1033,2007,81,,,,,,,,,,,,,,
IT1:28_185_DF_DCIS_MIGRAZIONI_2(1.0),A,ITTOT,TREG,FREIGN,TR,9,Y40-64,ITTOT,X1033,X1033,2008,137,,,,,,,,,,,,,,
IT1:28_185_DF_DCIS_MIGRAZIONI_2(1.0),A,ITTOT,TREG,FREIGN,TR,9,Y40-64,ITTOT,X1033,X1033,2009,122,,,,,,,,,,,,,,
IT1:28_185_DF_DCIS_MIGRAZIONI_2(1.0),A,ITTOT,TREG,FREIGN,TR,9,Y40-64,ITTOT,X1033,X1033,2010,162,,,,,,,,,,,,,,
IT1:28_185_DF_DCIS_MIGRAZIONI_2(1.0),A,ITTOT,TREG,FREIGN,TR,9,Y40-64,ITTOT,X1033,X1033,2011,110,,,,,,,,,,,,,,
IT1:28_185_DF_DCIS_MIGRAZIONI_2(1.0),A,ITTOT,TREG,FREIGN,TR,9,Y40-64,ITTOT,X1033,X1033,2012,100,,,,,,,,,,,,,,
IT1:28_185_DF_DCIS_MIGRAZIONI_2(1.0),A,ITTOT,TREG,FREIGN,TR,9,Y40-64,ITTOT,X1033,X1033,2013,108,,,,,,,,,,,,,,
IT1:28_185_DF_DCIS_MIGRAZIONI_2(1.0),A,ITTOT,TREG,FREIGN,TR,9,Y40-64,ITTOT,X1033,X1033,2014,90,,,,,,,,,,,,,,
IT1:28_185_DF_DCIS_MIGRAZIONI_2(1.0),A,ITTOT,TREG,FREIGN,TR,9,Y40-64,ITTOT,X1033,X1033,2015,79,,,,,,,,,,,,,,
IT1:28_185_DF_DCIS_MIGRAZIONI_2(1.0),A,ITTOT,TREG,FREIGN,TR,9,Y40-64,ITTOT,X1033,X1033,2016,81,,,,,,,,,,,,,,
IT1:28_185_DF_DCIS_MIGRAZIONI_2(1.0),A,ITTOT,TREG,FREIGN,TR,9,Y40-64,ITTOT,X1033,X1033,2017,132,,,,,,,,,,,,,,
IT1:28_185_DF_DCIS_MIGRAZIONI_2(1.0),A,ITTOT,TREG,FREIGN,TR,9,Y40-64,ITTOT,X1033,X1033,2018,130,,,,,,,,,,,,,,
IT1:28_185_DF_DCIS_MIGRAZIONI_2(1.0),A,ITTOT,TREG,FREIGN,TR,9,Y40-64,ITTOT,X1033,X1033,2019,163,,,,,,,,,,,,,,
IT1:28_185_DF_DCIS_MIGRAZIONI_2(1.0),A,ITTOT,TREG,FREIGN,TR,9,Y40-64,ITTOT,X1033,X1033,2020,119,,,,,,,,,,,,,,
IT1:28_185_DF_DCIS_MIGRAZIONI_2(1.0),A,ITTOT,TREG,FREIGN,TR,9,Y40-64,ITTOT,X1033,X1033,2021,154,,,,,,,,,,,,,,
IT1:28_185_DF_DCIS_MIGRAZIONI_2(1.0),A,ITTOT,TREG,FREIGN,TR,9,Y40-64,ITTOT,X1033,X1033,2022,242,,,,,,,,,,,,,,
IT1:28_185_DF_DCIS_MIGRAZIONI_2(1.0),A,ITTOT,TREG,FREIGN,TR,9,Y40-64,ITTOT,X1033,X1033,2023,288,p,,,,,,,,,,,,,
